Datetime,Open,High,Low,Close,Adj Close,Volume,Dividends,Stock Splits,Capital Gains
2023-01-17 09:30:00-05:00,17.239999771118164,17.239999771118164,17.239999771118164,17.239999771118164,17.239999771118164,0,0.0,0.0,0.0
2023-01-17 09:45:00-05:00,17.233699798583984,17.233699798583984,17.233699798583984,17.233699798583984,17.233699798583984,4028,0.0,0.0,0.0
2023-01-17 09:50:00-05:00,17.243999481201172,17.243999481201172,17.243999481201172,17.243999481201172,17.243999481201172,730,0.0,0.0,0.0
2023-01-17 10:35:00-05:00,17.231199264526367,17.231199264526367,17.231199264526367,17.231199264526367,17.231199264526367,201,0.0,0.0,0.0
2023-01-17 10:45:00-05:00,17.178300857543945,17.178300857543945,17.178300857543945,17.178300857543945,17.178300857543945,335,0.0,0.0,0.0
2023-01-17 11:10:00-05:00,17.13129997253418,17.13129997253418,17.13129997253418,17.13129997253418,17.13129997253418,200,0.0,0.0,0.0
2023-01-17 11:15:00-05:00,17.145000457763672,17.145000457763672,17.145000457763672,17.145000457763672,17.145000457763672,1731,0.0,0.0,0.0
2023-01-17 11:20:00-05:00,17.170000076293945,17.170000076293945,17.15049934387207,17.15049934387207,17.15049934387207,1484,0.0,0.0,0.0
2023-01-17 11:40:00-05:00,17.23889923095703,17.23889923095703,17.23889923095703,17.23889923095703,17.23889923095703,972,0.0,0.0,0.0
2023-01-17 12:30:00-05:00,17.270000457763672,17.270000457763672,17.270000457763672,17.270000457763672,17.270000457763672,2401,0.0,0.0,0.0
2023-01-17 12:35:00-05:00,17.25,17.25,17.25,17.25,17.25,2000,0.0,0.0,0.0
2023-01-17 12:40:00-05:00,17.219999313354492,17.219999313354492,17.219999313354492,17.219999313354492,17.219999313354492,201,0.0,0.0,0.0
2023-01-17 12:55:00-05:00,17.28499984741211,17.28499984741211,17.28499984741211,17.28499984741211,17.28499984741211,524,0.0,0.0,0.0
2023-01-17 13:35:00-05:00,17.350000381469727,17.3799991607666,17.350000381469727,17.3799991607666,17.3799991607666,1029,0.0,0.0,0.0
2023-01-17 14:10:00-05:00,17.358999252319336,17.360000610351562,17.358999252319336,17.360000610351562,17.360000610351562,0,0.0,0.0,0.0
2023-01-17 14:30:00-05:00,17.34000015258789,17.34000015258789,17.34000015258789,17.34000015258789,17.34000015258789,18533,0.0,0.0,0.0
2023-01-17 14:35:00-05:00,17.358600616455078,17.358600616455078,17.358600616455078,17.358600616455078,17.358600616455078,203,0.0,0.0,0.0
2023-01-17 14:40:00-05:00,17.360200881958008,17.360200881958008,17.360200881958008,17.360200881958008,17.360200881958008,224,0.0,0.0,0.0
2023-01-17 14:45:00-05:00,17.3799991607666,17.3799991607666,17.3799991607666,17.3799991607666,17.3799991607666,235,0.0,0.0,0.0
2023-01-17 15:05:00-05:00,17.3700008392334,17.420000076293945,17.363399505615234,17.3799991607666,17.3799991607666,6017,0.0,0.0,0.0
2023-01-17 15:25:00-05:00,17.364999771118164,17.364999771118164,17.35460090637207,17.35460090637207,17.35460090637207,111,0.0,0.0,0.0
2023-01-18 09:30:00-05:00,17.549999237060547,17.549999237060547,17.350000381469727,17.5,17.5,0,0.0,0.0,0.0
2023-01-18 10:15:00-05:00,17.670000076293945,17.670000076293945,17.670000076293945,17.670000076293945,17.670000076293945,1889,0.0,0.0,0.0
2023-01-18 10:25:00-05:00,17.675100326538086,17.68000030517578,17.65999984741211,17.68000030517578,17.68000030517578,2101,0.0,0.0,0.0
2023-01-18 10:30:00-05:00,17.7189998626709,17.7189998626709,17.709999084472656,17.709999084472656,17.709999084472656,1066,0.0,0.0,0.0
2023-01-18 10:40:00-05:00,17.530000686645508,17.530000686645508,17.530000686645508,17.530000686645508,17.530000686645508,4007,0.0,0.0,0.0
2023-01-18 10:45:00-05:00,17.510000228881836,17.510000228881836,17.510000228881836,17.510000228881836,17.510000228881836,1009,0.0,0.0,0.0
2023-01-18 10:55:00-05:00,17.489999771118164,17.489999771118164,17.489999771118164,17.489999771118164,17.489999771118164,340,0.0,0.0,0.0
2023-01-18 11:00:00-05:00,17.51059913635254,17.51059913635254,17.51059913635254,17.51059913635254,17.51059913635254,172,0.0,0.0,0.0
2023-01-18 11:05:00-05:00,17.43000030517578,17.43000030517578,17.43000030517578,17.43000030517578,17.43000030517578,249,0.0,0.0,0.0
2023-01-18 11:45:00-05:00,17.28499984741211,17.28499984741211,17.28499984741211,17.28499984741211,17.28499984741211,115,0.0,0.0,0.0
2023-01-18 11:50:00-05:00,17.31999969482422,17.350000381469727,17.30299949645996,17.30299949645996,17.30299949645996,819,0.0,0.0,0.0
2023-01-18 11:55:00-05:00,17.329999923706055,17.329999923706055,17.329999923706055,17.329999923706055,17.329999923706055,108,0.0,0.0,0.0
2023-01-18 12:20:00-05:00,17.389999389648438,17.389999389648438,17.389999389648438,17.389999389648438,17.389999389648438,331,0.0,0.0,0.0
2023-01-18 13:00:00-05:00,17.271499633789062,17.271499633789062,17.271499633789062,17.271499633789062,17.271499633789062,290,0.0,0.0,0.0
2023-01-18 13:05:00-05:00,17.225000381469727,17.225000381469727,17.225000381469727,17.225000381469727,17.225000381469727,207,0.0,0.0,0.0
2023-01-18 13:20:00-05:00,17.233600616455078,17.233600616455078,17.233600616455078,17.233600616455078,17.233600616455078,124,0.0,0.0,0.0
2023-01-18 13:25:00-05:00,17.25,17.275100708007812,17.25,17.275100708007812,17.275100708007812,304,0.0,0.0,0.0
2023-01-18 13:40:00-05:00,17.350000381469727,17.350000381469727,17.350000381469727,17.350000381469727,17.350000381469727,301,0.0,0.0,0.0
2023-01-18 14:00:00-05:00,17.308399200439453,17.308399200439453,17.308399200439453,17.308399200439453,17.308399200439453,313,0.0,0.0,0.0
2023-01-18 14:25:00-05:00,17.30299949645996,17.30299949645996,17.30299949645996,17.30299949645996,17.30299949645996,535,0.0,0.0,0.0
2023-01-18 14:55:00-05:00,17.30500030517578,17.30500030517578,17.30500030517578,17.30500030517578,17.30500030517578,352,0.0,0.0,0.0
2023-01-18 15:00:00-05:00,17.299800872802734,17.299800872802734,17.299800872802734,17.299800872802734,17.299800872802734,277,0.0,0.0,0.0
2023-01-18 15:35:00-05:00,17.246000289916992,17.246000289916992,17.246000289916992,17.246000289916992,17.246000289916992,195,0.0,0.0,0.0
2023-01-18 15:45:00-05:00,17.229999542236328,17.229999542236328,17.219999313354492,17.22640037536621,17.22640037536621,3000,0.0,0.0,0.0
2023-01-19 09:30:00-05:00,17.1299991607666,17.1299991607666,17.0,17.0,17.0,0,0.0,0.0,0.0
2023-01-19 09:40:00-05:00,17.040000915527344,17.040000915527344,17.0,17.0,17.0,492,0.0,0.0,0.0
2023-01-19 09:50:00-05:00,16.949199676513672,16.949199676513672,16.949199676513672,16.949199676513672,16.949199676513672,147,0.0,0.0,0.0
2023-01-19 10:15:00-05:00,16.899999618530273,16.905000686645508,16.854999542236328,16.905000686645508,16.905000686645508,9223,0.0,0.0,0.0
2023-01-19 10:50:00-05:00,16.799999237060547,16.799999237060547,16.714799880981445,16.714799880981445,16.714799880981445,718,0.0,0.0,0.0
2023-01-19 11:20:00-05:00,16.670000076293945,16.670000076293945,16.670000076293945,16.670000076293945,16.670000076293945,280,0.0,0.0,0.0
2023-01-19 11:30:00-05:00,16.66550064086914,16.66550064086914,16.66550064086914,16.66550064086914,16.66550064086914,410,0.0,0.0,0.0
2023-01-19 11:45:00-05:00,16.627300262451172,16.627300262451172,16.627300262451172,16.627300262451172,16.627300262451172,403,0.0,0.0,0.0
2023-01-19 11:50:00-05:00,16.622299194335938,16.622299194335938,16.622299194335938,16.622299194335938,16.622299194335938,266,0.0,0.0,0.0
2023-01-19 12:00:00-05:00,16.649999618530273,16.719999313354492,16.649999618530273,16.719999313354492,16.719999313354492,202,0.0,0.0,0.0
2023-01-19 12:05:00-05:00,16.709999084472656,16.709999084472656,16.621599197387695,16.621599197387695,16.621599197387695,2212,0.0,0.0,0.0
2023-01-19 12:20:00-05:00,16.689899444580078,16.689899444580078,16.689899444580078,16.689899444580078,16.689899444580078,1122,0.0,0.0,0.0
2023-01-19 13:20:00-05:00,16.729999542236328,16.760000228881836,16.729900360107422,16.760000228881836,16.760000228881836,857,0.0,0.0,0.0
2023-01-19 14:25:00-05:00,16.8700008392334,16.8700008392334,16.8700008392334,16.8700008392334,16.8700008392334,443,0.0,0.0,0.0
2023-01-19 14:55:00-05:00,16.836200714111328,16.836200714111328,16.836200714111328,16.836200714111328,16.836200714111328,202,0.0,0.0,0.0
2023-01-19 15:05:00-05:00,16.869600296020508,16.869600296020508,16.869600296020508,16.869600296020508,16.869600296020508,378,0.0,0.0,0.0
2023-01-19 15:25:00-05:00,16.801599502563477,16.801599502563477,16.801599502563477,16.801599502563477,16.801599502563477,158,0.0,0.0,0.0
2023-01-19 15:40:00-05:00,16.795900344848633,16.795900344848633,16.795900344848633,16.795900344848633,16.795900344848633,307,0.0,0.0,0.0
2023-01-19 15:55:00-05:00,16.7450008392334,16.7450008392334,16.7450008392334,16.7450008392334,16.7450008392334,1779,0.0,0.0,0.0
2023-01-20 09:50:00-05:00,16.899999618530273,16.899999618530273,16.899999618530273,16.899999618530273,16.899999618530273,0,0.0,0.0,0.0
2023-01-20 09:55:00-05:00,17.038999557495117,17.038999557495117,17.038999557495117,17.038999557495117,17.038999557495117,237,0.0,0.0,0.0
2023-01-20 10:10:00-05:00,17.081100463867188,17.089000701904297,17.081100463867188,17.089000701904297,17.089000701904297,0,0.0,0.0,0.0
2023-01-20 10:15:00-05:00,17.079999923706055,17.079999923706055,17.079999923706055,17.079999923706055,17.079999923706055,1758,0.0,0.0,0.0
2023-01-20 11:15:00-05:00,17.045900344848633,17.045900344848633,17.03499984741211,17.03499984741211,17.03499984741211,440,0.0,0.0,0.0
2023-01-20 11:25:00-05:00,17.069299697875977,17.069299697875977,17.069299697875977,17.069299697875977,17.069299697875977,100,0.0,0.0,0.0
2023-01-20 11:30:00-05:00,17.06999969482422,17.06999969482422,17.06999969482422,17.06999969482422,17.06999969482422,211,0.0,0.0,0.0
2023-01-20 11:50:00-05:00,17.059999465942383,17.059999465942383,17.059999465942383,17.059999465942383,17.059999465942383,100,0.0,0.0,0.0
2023-01-20 11:55:00-05:00,17.05500030517578,17.05500030517578,17.05500030517578,17.05500030517578,17.05500030517578,301,0.0,0.0,0.0
2023-01-20 12:00:00-05:00,17.06999969482422,17.06999969482422,17.06999969482422,17.06999969482422,17.06999969482422,583,0.0,0.0,0.0
2023-01-20 12:45:00-05:00,17.1200008392334,17.128999710083008,17.060400009155273,17.060400009155273,17.060400009155273,2856,0.0,0.0,0.0
2023-01-20 12:50:00-05:00,17.104999542236328,17.104999542236328,17.104999542236328,17.104999542236328,17.104999542236328,502,0.0,0.0,0.0
2023-01-20 12:55:00-05:00,17.079999923706055,17.079999923706055,17.079999923706055,17.079999923706055,17.079999923706055,112,0.0,0.0,0.0
2023-01-20 13:20:00-05:00,17.066999435424805,17.066999435424805,17.066999435424805,17.066999435424805,17.066999435424805,372,0.0,0.0,0.0
2023-01-20 13:30:00-05:00,17.100000381469727,17.100000381469727,17.100000381469727,17.100000381469727,17.100000381469727,108,0.0,0.0,0.0
2023-01-20 13:35:00-05:00,17.100000381469727,17.100000381469727,17.100000381469727,17.100000381469727,17.100000381469727,136,0.0,0.0,0.0
2023-01-20 13:50:00-05:00,17.174999237060547,17.174999237060547,17.139999389648438,17.139999389648438,17.139999389648438,1108,0.0,0.0,0.0
2023-01-20 14:35:00-05:00,17.175399780273438,17.19499969482422,17.15999984741211,17.16010093688965,17.16010093688965,2773,0.0,0.0,0.0
2023-01-20 14:50:00-05:00,17.170000076293945,17.170000076293945,17.170000076293945,17.170000076293945,17.170000076293945,259,0.0,0.0,0.0
2023-01-20 15:00:00-05:00,17.18000030517578,17.18000030517578,17.18000030517578,17.18000030517578,17.18000030517578,100,0.0,0.0,0.0
2023-01-20 15:05:00-05:00,17.200000762939453,17.200000762939453,17.200000762939453,17.200000762939453,17.200000762939453,1005,0.0,0.0,0.0
2023-01-20 15:20:00-05:00,17.221900939941406,17.221900939941406,17.221900939941406,17.221900939941406,17.221900939941406,413,0.0,0.0,0.0
2023-01-20 15:45:00-05:00,17.219999313354492,17.273399353027344,17.219999313354492,17.273399353027344,17.273399353027344,208,0.0,0.0,0.0
2023-01-23 09:30:00-05:00,17.479999542236328,17.524999618530273,17.479999542236328,17.524999618530273,17.524999618530273,1144,0.0,0.0,0.0
2023-01-23 09:35:00-05:00,17.520000457763672,17.520000457763672,17.520000457763672,17.520000457763672,17.520000457763672,703,0.0,0.0,0.0
2023-01-23 09:40:00-05:00,17.559999465942383,17.559999465942383,17.559999465942383,17.559999465942383,17.559999465942383,137,0.0,0.0,0.0
2023-01-23 09:45:00-05:00,17.700000762939453,17.700000762939453,17.646699905395508,17.646699905395508,17.646699905395508,1037,0.0,0.0,0.0
2023-01-23 09:55:00-05:00,17.742900848388672,17.77989959716797,17.742900848388672,17.77989959716797,17.77989959716797,418,0.0,0.0,0.0
2023-01-23 10:00:00-05:00,17.760000228881836,17.760000228881836,17.760000228881836,17.760000228881836,17.760000228881836,125,0.0,0.0,0.0
2023-01-23 10:05:00-05:00,17.75079917907715,17.75079917907715,17.75079917907715,17.75079917907715,17.75079917907715,739,0.0,0.0,0.0
2023-01-23 10:15:00-05:00,17.889999389648438,17.899999618530273,17.889999389648438,17.899999618530273,17.899999618530273,6121,0.0,0.0,0.0
2023-01-23 10:50:00-05:00,17.929000854492188,17.93000030517578,17.929000854492188,17.93000030517578,17.93000030517578,579,0.0,0.0,0.0
2023-01-23 11:05:00-05:00,17.899999618530273,17.899999618530273,17.899999618530273,17.899999618530273,17.899999618530273,1462,0.0,0.0,0.0
2023-01-23 11:20:00-05:00,17.940000534057617,17.940000534057617,17.940000534057617,17.940000534057617,17.940000534057617,198,0.0,0.0,0.0
2023-01-23 11:30:00-05:00,17.920000076293945,17.920000076293945,17.920000076293945,17.920000076293945,17.920000076293945,1731,0.0,0.0,0.0
2023-01-23 11:35:00-05:00,17.8799991607666,17.8799991607666,17.8799991607666,17.8799991607666,17.8799991607666,958,0.0,0.0,0.0
2023-01-23 11:45:00-05:00,17.940000534057617,17.940000534057617,17.899999618530273,17.899999618530273,17.899999618530273,590,0.0,0.0,0.0
2023-01-23 12:00:00-05:00,17.969999313354492,17.989999771118164,17.969999313354492,17.989999771118164,17.989999771118164,1001,0.0,0.0,0.0
2023-01-23 12:05:00-05:00,17.93470001220703,17.979999542236328,17.93470001220703,17.979999542236328,17.979999542236328,382,0.0,0.0,0.0
2023-01-23 12:15:00-05:00,17.954999923706055,17.954999923706055,17.954999923706055,17.954999923706055,17.954999923706055,279,0.0,0.0,0.0
2023-01-23 12:20:00-05:00,17.940000534057617,17.940000534057617,17.940000534057617,17.940000534057617,17.940000534057617,205,0.0,0.0,0.0
2023-01-23 12:25:00-05:00,17.969999313354492,17.969999313354492,17.969999313354492,17.969999313354492,17.969999313354492,171,0.0,0.0,0.0
2023-01-23 12:35:00-05:00,17.989999771118164,17.989999771118164,17.989999771118164,17.989999771118164,17.989999771118164,311,0.0,0.0,0.0
2023-01-23 12:45:00-05:00,17.985000610351562,18.048900604248047,17.985000610351562,18.048900604248047,18.048900604248047,1820,0.0,0.0,0.0
2023-01-23 13:05:00-05:00,18.030000686645508,18.030000686645508,18.030000686645508,18.030000686645508,18.030000686645508,577,0.0,0.0,0.0
2023-01-23 13:15:00-05:00,18.049999237060547,18.049999237060547,18.049999237060547,18.049999237060547,18.049999237060547,100,0.0,0.0,0.0
2023-01-23 13:20:00-05:00,18.049999237060547,18.049999237060547,18.049999237060547,18.049999237060547,18.049999237060547,269,0.0,0.0,0.0
2023-01-23 13:25:00-05:00,18.072399139404297,18.072399139404297,18.072399139404297,18.072399139404297,18.072399139404297,222,0.0,0.0,0.0
2023-01-23 13:35:00-05:00,18.110000610351562,18.110000610351562,18.110000610351562,18.110000610351562,18.110000610351562,286,0.0,0.0,0.0
2023-01-23 13:45:00-05:00,18.079999923706055,18.079999923706055,18.079999923706055,18.079999923706055,18.079999923706055,751,0.0,0.0,0.0
2023-01-23 14:20:00-05:00,18.05699920654297,18.05699920654297,18.05699920654297,18.05699920654297,18.05699920654297,494,0.0,0.0,0.0
2023-01-23 14:50:00-05:00,17.90999984741211,17.950000762939453,17.90999984741211,17.90999984741211,17.90999984741211,625,0.0,0.0,0.0
2023-01-23 15:15:00-05:00,17.954999923706055,18.0,17.954999923706055,18.0,18.0,530,0.0,0.0,0.0
2023-01-23 15:30:00-05:00,17.979999542236328,18.0,17.979999542236328,18.0,18.0,1001,0.0,0.0,0.0
2023-01-23 15:50:00-05:00,18.03499984741211,18.076900482177734,18.03499984741211,18.076900482177734,18.076900482177734,0,0.0,0.0,0.0
2023-01-24 09:30:00-05:00,18.0,18.0,18.0,18.0,18.0,840,0.0,0.0,0.0
2023-01-24 09:50:00-05:00,18.0,18.030000686645508,18.0,18.030000686645508,18.030000686645508,450,0.0,0.0,0.0
2023-01-24 10:00:00-05:00,17.93000030517578,17.93000030517578,17.850000381469727,17.885000228881836,17.885000228881836,7484,0.0,0.0,0.0
2023-01-24 10:30:00-05:00,17.93899917602539,17.93899917602539,17.93899917602539,17.93899917602539,17.93899917602539,368,0.0,0.0,0.0
2023-01-24 10:45:00-05:00,17.899999618530273,17.899999618530273,17.899999618530273,17.899999618530273,17.899999618530273,485,0.0,0.0,0.0
2023-01-24 11:50:00-05:00,18.0,18.0,18.0,18.0,18.0,251,0.0,0.0,0.0
2023-01-24 13:00:00-05:00,17.969999313354492,17.978300094604492,17.90999984741211,17.90999984741211,17.90999984741211,1503,0.0,0.0,0.0
2023-01-24 13:10:00-05:00,17.920000076293945,17.920000076293945,17.920000076293945,17.920000076293945,17.920000076293945,268,0.0,0.0,0.0
2023-01-24 14:00:00-05:00,17.899999618530273,17.899999618530273,17.860000610351562,17.895000457763672,17.895000457763672,1465,0.0,0.0,0.0
2023-01-24 15:30:00-05:00,17.8700008392334,17.8700008392334,17.8700008392334,17.8700008392334,17.8700008392334,106,0.0,0.0,0.0
2023-01-24 15:35:00-05:00,17.829999923706055,17.829999923706055,17.829999923706055,17.829999923706055,17.829999923706055,193,0.0,0.0,0.0
2023-01-24 15:55:00-05:00,17.84000015258789,17.850000381469727,17.84000015258789,17.850000381469727,17.850000381469727,718,0.0,0.0,0.0
2023-01-25 09:30:00-05:00,17.6200008392334,17.6200008392334,17.600000381469727,17.600000381469727,17.600000381469727,1288,0.0,0.0,0.0
2023-01-25 09:45:00-05:00,17.6299991607666,17.64889907836914,17.6299991607666,17.64889907836914,17.64889907836914,1293,0.0,0.0,0.0
2023-01-25 10:45:00-05:00,17.582399368286133,17.582399368286133,17.582399368286133,17.582399368286133,17.582399368286133,436,0.0,0.0,0.0
2023-01-25 10:55:00-05:00,17.579999923706055,17.579999923706055,17.579999923706055,17.579999923706055,17.579999923706055,105,0.0,0.0,0.0
2023-01-25 11:10:00-05:00,17.68000030517578,17.68000030517578,17.68000030517578,17.68000030517578,17.68000030517578,1461,0.0,0.0,0.0
2023-01-25 11:50:00-05:00,17.73390007019043,17.75,17.73390007019043,17.75,17.75,855,0.0,0.0,0.0
2023-01-25 11:55:00-05:00,17.829999923706055,17.84000015258789,17.829999923706055,17.84000015258789,17.84000015258789,359,0.0,0.0,0.0
2023-01-25 12:15:00-05:00,17.81999969482422,17.81999969482422,17.81999969482422,17.81999969482422,17.81999969482422,159,0.0,0.0,0.0
2023-01-25 12:40:00-05:00,17.799999237060547,17.799999237060547,17.799999237060547,17.799999237060547,17.799999237060547,278,0.0,0.0,0.0
2023-01-25 13:30:00-05:00,17.870100021362305,17.920000076293945,17.870100021362305,17.920000076293945,17.920000076293945,628,0.0,0.0,0.0
2023-01-25 14:30:00-05:00,17.9601993560791,17.9601993560791,17.9601993560791,17.9601993560791,17.9601993560791,204,0.0,0.0,0.0
2023-01-25 14:35:00-05:00,17.950000762939453,17.950000762939453,17.950000762939453,17.950000762939453,17.950000762939453,602,0.0,0.0,0.0
2023-01-25 14:50:00-05:00,17.959999084472656,17.959999084472656,17.959999084472656,17.959999084472656,17.959999084472656,1001,0.0,0.0,0.0
2023-01-25 14:55:00-05:00,17.995500564575195,17.995500564575195,17.995500564575195,17.995500564575195,17.995500564575195,673,0.0,0.0,0.0
2023-01-25 15:05:00-05:00,18.010000228881836,18.079999923706055,18.010000228881836,18.079999923706055,18.079999923706055,306,0.0,0.0,0.0
2023-01-25 15:30:00-05:00,18.0,18.0,18.0,18.0,18.0,133,0.0,0.0,0.0
2023-01-25 15:40:00-05:00,17.989999771118164,17.989999771118164,17.989999771118164,17.989999771118164,17.989999771118164,200,0.0,0.0,0.0
2023-01-25 15:50:00-05:00,17.985000610351562,17.985000610351562,17.985000610351562,17.985000610351562,17.985000610351562,185,0.0,0.0,0.0
2023-01-26 09:30:00-05:00,18.489999771118164,18.489999771118164,18.489999771118164,18.489999771118164,18.489999771118164,1275,0.0,0.0,0.0
2023-01-26 09:35:00-05:00,18.52899932861328,18.52899932861328,18.52899932861328,18.52899932861328,18.52899932861328,217,0.0,0.0,0.0
2023-01-26 09:40:00-05:00,18.340700149536133,18.340700149536133,18.34000015258789,18.34000015258789,18.34000015258789,551,0.0,0.0,0.0
2023-01-26 09:45:00-05:00,18.325000762939453,18.3700008392334,18.325000762939453,18.36989974975586,18.36989974975586,303,0.0,0.0,0.0
2023-01-26 09:50:00-05:00,18.18000030517578,18.18000030517578,18.18000030517578,18.18000030517578,18.18000030517578,472,0.0,0.0,0.0
2023-01-26 10:05:00-05:00,18.2450008392334,18.2450008392334,18.209999084472656,18.209999084472656,18.209999084472656,622,0.0,0.0,0.0
2023-01-26 10:15:00-05:00,18.299999237060547,18.299999237060547,18.299999237060547,18.299999237060547,18.299999237060547,2304,0.0,0.0,0.0
2023-01-26 10:35:00-05:00,18.28499984741211,18.28499984741211,18.28499984741211,18.28499984741211,18.28499984741211,275,0.0,0.0,0.0
2023-01-26 10:40:00-05:00,18.192100524902344,18.192100524902344,18.192100524902344,18.192100524902344,18.192100524902344,457,0.0,0.0,0.0
2023-01-26 10:50:00-05:00,18.247800827026367,18.247800827026367,18.22640037536621,18.22640037536621,18.22640037536621,520,0.0,0.0,0.0
2023-01-26 11:00:00-05:00,18.129899978637695,18.17289924621582,18.129899978637695,18.17289924621582,18.17289924621582,713,0.0,0.0,0.0
2023-01-26 11:20:00-05:00,18.1299991607666,18.1299991607666,18.1200008392334,18.1200008392334,18.1200008392334,437,0.0,0.0,0.0
2023-01-26 11:40:00-05:00,18.165000915527344,18.165000915527344,18.15999984741211,18.15999984741211,18.15999984741211,2172,0.0,0.0,0.0
2023-01-26 11:55:00-05:00,18.170000076293945,18.170000076293945,18.170000076293945,18.170000076293945,18.170000076293945,164,0.0,0.0,0.0
2023-01-26 12:25:00-05:00,18.239999771118164,18.239999771118164,18.229000091552734,18.229000091552734,18.229000091552734,213,0.0,0.0,0.0
2023-01-26 12:50:00-05:00,18.225000381469727,18.229999542236328,18.225000381469727,18.229999542236328,18.229999542236328,932,0.0,0.0,0.0
2023-01-26 13:05:00-05:00,18.260000228881836,18.260000228881836,18.260000228881836,18.260000228881836,18.260000228881836,100,0.0,0.0,0.0
2023-01-26 13:10:00-05:00,18.260000228881836,18.270000457763672,18.23509979248047,18.23509979248047,18.23509979248047,2252,0.0,0.0,0.0
2023-01-26 13:25:00-05:00,18.270000457763672,18.270000457763672,18.270000457763672,18.270000457763672,18.270000457763672,310,0.0,0.0,0.0
2023-01-26 13:40:00-05:00,18.34000015258789,18.350000381469727,18.34000015258789,18.34000015258789,18.34000015258789,1212,0.0,0.0,0.0
2023-01-26 14:00:00-05:00,18.309200286865234,18.309200286865234,18.309200286865234,18.309200286865234,18.309200286865234,452,0.0,0.0,0.0
2023-01-26 14:10:00-05:00,18.31999969482422,18.31999969482422,18.299999237060547,18.299999237060547,18.299999237060547,729,0.0,0.0,0.0
2023-01-26 14:15:00-05:00,18.34000015258789,18.34000015258789,18.34000015258789,18.34000015258789,18.34000015258789,613,0.0,0.0,0.0
2023-01-26 14:35:00-05:00,18.360000610351562,18.360000610351562,18.341299057006836,18.341299057006836,18.341299057006836,414,0.0,0.0,0.0
2023-01-26 14:45:00-05:00,18.34000015258789,18.34000015258789,18.34000015258789,18.34000015258789,18.34000015258789,549,0.0,0.0,0.0
2023-01-26 15:35:00-05:00,18.29599952697754,18.29599952697754,18.29599952697754,18.29599952697754,18.29599952697754,125,0.0,0.0,0.0
2023-01-26 15:50:00-05:00,18.34000015258789,18.389999389648438,18.34000015258789,18.38990020751953,18.38990020751953,603,0.0,0.0,0.0
2023-01-27 09:30:00-05:00,18.360000610351562,18.360000610351562,18.360000610351562,18.360000610351562,18.360000610351562,0,0.0,0.0,0.0
2023-01-27 09:35:00-05:00,18.410400390625,18.410400390625,18.410400390625,18.410400390625,18.410400390625,2233,0.0,0.0,0.0
2023-01-27 09:45:00-05:00,18.469999313354492,18.469999313354492,18.469999313354492,18.469999313354492,18.469999313354492,37,0.0,0.0,0.0
2023-01-27 10:15:00-05:00,18.579999923706055,18.579999923706055,18.579999923706055,18.579999923706055,18.579999923706055,108,0.0,0.0,0.0
2023-01-27 10:20:00-05:00,18.489999771118164,18.489999771118164,18.479999542236328,18.479999542236328,18.479999542236328,200,0.0,0.0,0.0
2023-01-27 10:25:00-05:00,18.43000030517578,18.43000030517578,18.40999984741211,18.40999984741211,18.40999984741211,488,0.0,0.0,0.0
2023-01-27 10:35:00-05:00,18.489999771118164,18.5,18.489999771118164,18.5,18.5,346,0.0,0.0,0.0
2023-01-27 10:40:00-05:00,18.5,18.5,18.5,18.5,18.5,274,0.0,0.0,0.0
2023-01-27 10:45:00-05:00,18.399999618530273,18.399999618530273,18.399999618530273,18.399999618530273,18.399999618530273,439,0.0,0.0,0.0
2023-01-27 11:05:00-05:00,18.450000762939453,18.450000762939453,18.426700592041016,18.426700592041016,18.426700592041016,3517,0.0,0.0,0.0
2023-01-27 11:30:00-05:00,18.490100860595703,18.5,18.489999771118164,18.5,18.5,857,0.0,0.0,0.0
2023-01-27 11:45:00-05:00,18.565000534057617,18.565000534057617,18.565000534057617,18.565000534057617,18.565000534057617,249,0.0,0.0,0.0
2023-01-27 12:10:00-05:00,18.600000381469727,18.610000610351562,18.600000381469727,18.600000381469727,18.600000381469727,843,0.0,0.0,0.0
2023-01-27 12:35:00-05:00,18.77899932861328,18.77899932861328,18.7450008392334,18.7450008392334,18.7450008392334,528,0.0,0.0,0.0
2023-01-27 12:45:00-05:00,18.750099182128906,18.750099182128906,18.750099182128906,18.750099182128906,18.750099182128906,257,0.0,0.0,0.0
2023-01-27 12:50:00-05:00,18.75,18.78459930419922,18.75,18.78459930419922,18.78459930419922,1478,0.0,0.0,0.0
2023-01-27 13:10:00-05:00,18.889999389648438,18.889999389648438,18.8700008392334,18.8700008392334,18.8700008392334,737,0.0,0.0,0.0
2023-01-27 13:15:00-05:00,18.920000076293945,18.920000076293945,18.920000076293945,18.920000076293945,18.920000076293945,500,0.0,0.0,0.0
2023-01-27 13:20:00-05:00,18.947999954223633,18.947999954223633,18.947999954223633,18.947999954223633,18.947999954223633,523,0.0,0.0,0.0
2023-01-27 13:30:00-05:00,19.045000076293945,19.045000076293945,19.045000076293945,19.045000076293945,19.045000076293945,276,0.0,0.0,0.0
2023-01-27 13:50:00-05:00,19.280000686645508,19.280000686645508,19.280000686645508,19.280000686645508,19.280000686645508,111,0.0,0.0,0.0
2023-01-27 13:55:00-05:00,19.21500015258789,19.21500015258789,19.21500015258789,19.21500015258789,19.21500015258789,112,0.0,0.0,0.0
2023-01-27 14:05:00-05:00,19.149999618530273,19.149999618530273,19.149999618530273,19.149999618530273,19.149999618530273,356,0.0,0.0,0.0
2023-01-27 14:10:00-05:00,18.97209930419922,18.97209930419922,18.97209930419922,18.97209930419922,18.97209930419922,554,0.0,0.0,0.0
2023-01-27 14:30:00-05:00,19.03499984741211,19.03499984741211,19.03499984741211,19.03499984741211,19.03499984741211,219,0.0,0.0,0.0
2023-01-27 14:35:00-05:00,19.00040054321289,19.00040054321289,19.00040054321289,19.00040054321289,19.00040054321289,250,0.0,0.0,0.0
2023-01-27 15:00:00-05:00,19.0,19.0,19.0,19.0,19.0,375,0.0,0.0,0.0
2023-01-27 15:10:00-05:00,19.06999969482422,19.06999969482422,19.06999969482422,19.06999969482422,19.06999969482422,267,0.0,0.0,0.0
2023-01-27 15:15:00-05:00,18.99370002746582,18.99370002746582,18.99370002746582,18.99370002746582,18.99370002746582,105,0.0,0.0,0.0
2023-01-27 15:20:00-05:00,19.045000076293945,19.045000076293945,19.00550079345703,19.00550079345703,19.00550079345703,331,0.0,0.0,0.0
2023-01-27 15:25:00-05:00,19.036399841308594,19.036399841308594,19.036399841308594,19.036399841308594,19.036399841308594,265,0.0,0.0,0.0
2023-01-27 15:40:00-05:00,19.079999923706055,19.079999923706055,19.079999923706055,19.079999923706055,19.079999923706055,300,0.0,0.0,0.0
2023-01-27 15:50:00-05:00,19.0,19.0,18.860000610351562,18.860000610351562,18.860000610351562,1067,0.0,0.0,0.0
2023-01-27 15:55:00-05:00,18.940000534057617,18.940000534057617,18.940000534057617,18.940000534057617,18.940000534057617,212,0.0,0.0,0.0
2023-01-30 09:30:00-05:00,18.780000686645508,18.989999771118164,18.510000228881836,18.510000228881836,18.510000228881836,6492,0.0,0.0,0.0
2023-01-30 09:45:00-05:00,18.649999618530273,18.649999618530273,18.649999618530273,18.649999618530273,18.649999618530273,106,0.0,0.0,0.0
2023-01-30 09:50:00-05:00,18.708999633789062,18.708999633789062,18.708999633789062,18.708999633789062,18.708999633789062,143,0.0,0.0,0.0
2023-01-30 10:05:00-05:00,18.729999542236328,18.729999542236328,18.729000091552734,18.729999542236328,18.729999542236328,2124,0.0,0.0,0.0
2023-01-30 10:25:00-05:00,18.6299991607666,18.6299991607666,18.567699432373047,18.567699432373047,18.567699432373047,0,0.0,0.0,0.0
2023-01-30 10:35:00-05:00,18.510000228881836,18.510000228881836,18.510000228881836,18.510000228881836,18.510000228881836,9668,0.0,0.0,0.0
2023-01-30 10:40:00-05:00,18.5,18.5,18.5,18.5,18.5,775,0.0,0.0,0.0
2023-01-30 11:00:00-05:00,18.5,18.540000915527344,18.5,18.540000915527344,18.540000915527344,922,0.0,0.0,0.0
2023-01-30 11:20:00-05:00,18.600000381469727,18.600000381469727,18.600000381469727,18.600000381469727,18.600000381469727,100,0.0,0.0,0.0
2023-01-30 11:30:00-05:00,18.639999389648438,18.639999389648438,18.639999389648438,18.639999389648438,18.639999389648438,113,0.0,0.0,0.0
2023-01-30 11:40:00-05:00,18.56999969482422,18.600000381469727,18.56999969482422,18.600000381469727,18.600000381469727,401,0.0,0.0,0.0
2023-01-30 11:45:00-05:00,18.610000610351562,18.610000610351562,18.610000610351562,18.610000610351562,18.610000610351562,391,0.0,0.0,0.0
2023-01-30 12:05:00-05:00,18.639999389648438,18.639999389648438,18.639999389648438,18.639999389648438,18.639999389648438,150,0.0,0.0,0.0
2023-01-30 12:35:00-05:00,18.610000610351562,18.610000610351562,18.610000610351562,18.610000610351562,18.610000610351562,102,0.0,0.0,0.0
2023-01-30 12:50:00-05:00,18.524999618530273,18.524999618530273,18.524999618530273,18.524999618530273,18.524999618530273,250,0.0,0.0,0.0
2023-01-30 12:55:00-05:00,18.56999969482422,18.56999969482422,18.56999969482422,18.56999969482422,18.56999969482422,168,0.0,0.0,0.0
2023-01-30 13:05:00-05:00,18.559999465942383,18.559999465942383,18.559999465942383,18.559999465942383,18.559999465942383,149,0.0,0.0,0.0
2023-01-30 13:30:00-05:00,18.527000427246094,18.527000427246094,18.527000427246094,18.527000427246094,18.527000427246094,111,0.0,0.0,0.0
2023-01-30 13:35:00-05:00,18.524999618530273,18.524999618530273,18.524999618530273,18.524999618530273,18.524999618530273,100,0.0,0.0,0.0
2023-01-30 13:40:00-05:00,18.5,18.5,18.5,18.5,18.5,240,0.0,0.0,0.0
2023-01-30 14:05:00-05:00,18.56999969482422,18.56999969482422,18.56999969482422,18.56999969482422,18.56999969482422,405,0.0,0.0,0.0
2023-01-30 14:10:00-05:00,18.530000686645508,18.530000686645508,18.530000686645508,18.530000686645508,18.530000686645508,172,0.0,0.0,0.0
2023-01-30 14:35:00-05:00,18.46500015258789,18.46500015258789,18.46500015258789,18.46500015258789,18.46500015258789,150,0.0,0.0,0.0
2023-01-30 14:40:00-05:00,18.510000228881836,18.510000228881836,18.510000228881836,18.510000228881836,18.510000228881836,124,0.0,0.0,0.0
2023-01-30 15:05:00-05:00,18.485000610351562,18.485000610351562,18.485000610351562,18.485000610351562,18.485000610351562,126,0.0,0.0,0.0
2023-01-30 15:15:00-05:00,18.450000762939453,18.450000762939453,18.450000762939453,18.450000762939453,18.450000762939453,454,0.0,0.0,0.0
2023-01-30 15:30:00-05:00,18.40999984741211,18.440000534057617,18.40999984741211,18.43000030517578,18.43000030517578,2872,0.0,0.0,0.0
2023-01-30 15:55:00-05:00,18.43000030517578,18.43000030517578,18.40999984741211,18.40999984741211,18.40999984741211,281,0.0,0.0,0.0
2023-01-31 09:30:00-05:00,18.40999984741211,18.40999984741211,18.40999984741211,18.40999984741211,18.40999984741211,998,0.0,0.0,0.0
2023-01-31 09:55:00-05:00,18.531999588012695,18.549999237060547,18.531999588012695,18.549999237060547,18.549999237060547,1113,0.0,0.0,0.0
2023-01-31 10:05:00-05:00,18.450000762939453,18.450000762939453,18.450000762939453,18.450000762939453,18.450000762939453,111,0.0,0.0,0.0
2023-01-31 10:20:00-05:00,18.510000228881836,18.510000228881836,18.510000228881836,18.510000228881836,18.510000228881836,101,0.0,0.0,0.0
2023-01-31 10:25:00-05:00,18.549999237060547,18.549999237060547,18.549999237060547,18.549999237060547,18.549999237060547,109,0.0,0.0,0.0
2023-01-31 10:30:00-05:00,18.549999237060547,18.64240074157715,18.549999237060547,18.64240074157715,18.64240074157715,336,0.0,0.0,0.0
2023-01-31 11:05:00-05:00,18.7549991607666,18.7549991607666,18.75,18.75,18.75,374,0.0,0.0,0.0
2023-01-31 11:15:00-05:00,18.735000610351562,18.735000610351562,18.735000610351562,18.735000610351562,18.735000610351562,609,0.0,0.0,0.0
2023-01-31 11:40:00-05:00,18.759000778198242,18.760000228881836,18.759000778198242,18.760000228881836,18.760000228881836,591,0.0,0.0,0.0
2023-01-31 11:45:00-05:00,18.73509979248047,18.760000228881836,18.68000030517578,18.760000228881836,18.760000228881836,532,0.0,0.0,0.0
2023-01-31 12:25:00-05:00,18.75,18.75,18.75,18.75,18.75,364,0.0,0.0,0.0
2023-01-31 12:50:00-05:00,18.80900001525879,18.80900001525879,18.80900001525879,18.80900001525879,18.80900001525879,448,0.0,0.0,0.0
2023-01-31 13:50:00-05:00,18.760000228881836,18.761999130249023,18.760000228881836,18.760000228881836,18.760000228881836,1370,0.0,0.0,0.0
2023-01-31 14:05:00-05:00,18.760000228881836,18.764999389648438,18.760000228881836,18.761999130249023,18.761999130249023,0,0.0,0.0,0.0
2023-01-31 14:20:00-05:00,18.799999237060547,18.799999237060547,18.799999237060547,18.799999237060547,18.799999237060547,8448,0.0,0.0,0.0
2023-01-31 15:00:00-05:00,18.80500030517578,18.80500030517578,18.80500030517578,18.80500030517578,18.80500030517578,216,0.0,0.0,0.0
2023-01-31 15:05:00-05:00,18.809999465942383,18.809999465942383,18.809999465942383,18.809999465942383,18.809999465942383,125,0.0,0.0,0.0
2023-01-31 15:15:00-05:00,18.770000457763672,18.770000457763672,18.770000457763672,18.770000457763672,18.770000457763672,620,0.0,0.0,0.0
2023-01-31 15:25:00-05:00,18.753999710083008,18.753999710083008,18.753999710083008,18.753999710083008,18.753999710083008,147,0.0,0.0,0.0
2023-01-31 15:35:00-05:00,18.764999389648438,18.764999389648438,18.764999389648438,18.764999389648438,18.764999389648438,280,0.0,0.0,0.0
2023-01-31 15:40:00-05:00,18.729999542236328,18.729999542236328,18.729999542236328,18.729999542236328,18.729999542236328,577,0.0,0.0,0.0
2023-01-31 15:50:00-05:00,18.809999465942383,18.844900131225586,18.809999465942383,18.844900131225586,18.844900131225586,0,0.0,0.0,0.0
2023-02-01 09:30:00-05:00,19.049999237060547,19.049999237060547,19.049999237060547,19.049999237060547,19.049999237060547,3011,0.0,0.0,0.0
2023-02-01 09:35:00-05:00,19.027599334716797,19.027599334716797,19.027599334716797,19.027599334716797,19.027599334716797,394,0.0,0.0,0.0
2023-02-01 09:50:00-05:00,19.110000610351562,19.15999984741211,19.110000610351562,19.15999984741211,19.15999984741211,522,0.0,0.0,0.0
2023-02-01 09:55:00-05:00,19.219999313354492,19.219999313354492,19.219999313354492,19.219999313354492,19.219999313354492,402,0.0,0.0,0.0
2023-02-01 10:05:00-05:00,19.1299991607666,19.1299991607666,19.100000381469727,19.100000381469727,19.100000381469727,284,0.0,0.0,0.0
2023-02-01 10:10:00-05:00,19.13409996032715,19.13409996032715,19.13409996032715,19.13409996032715,19.13409996032715,3500,0.0,0.0,0.0
2023-02-01 10:15:00-05:00,19.149499893188477,19.149499893188477,19.149499893188477,19.149499893188477,19.149499893188477,3239,0.0,0.0,0.0
2023-02-01 10:25:00-05:00,19.114999771118164,19.114999771118164,19.114999771118164,19.114999771118164,19.114999771118164,157,0.0,0.0,0.0
2023-02-01 10:35:00-05:00,19.110000610351562,19.110000610351562,19.110000610351562,19.110000610351562,19.110000610351562,230,0.0,0.0,0.0
2023-02-01 10:40:00-05:00,19.114999771118164,19.114999771118164,19.114999771118164,19.114999771118164,19.114999771118164,1022,0.0,0.0,0.0
2023-02-01 11:00:00-05:00,18.985000610351562,18.985000610351562,18.979999542236328,18.979999542236328,18.979999542236328,3273,0.0,0.0,0.0
2023-02-01 11:05:00-05:00,18.979999542236328,18.979999542236328,18.979999542236328,18.979999542236328,18.979999542236328,302,0.0,0.0,0.0
2023-02-01 11:10:00-05:00,18.982799530029297,18.982799530029297,18.982799530029297,18.982799530029297,18.982799530029297,4040,0.0,0.0,0.0
2023-02-01 11:35:00-05:00,19.059999465942383,19.059999465942383,19.059999465942383,19.059999465942383,19.059999465942383,476,0.0,0.0,0.0
2023-02-01 12:15:00-05:00,19.002899169921875,19.002899169921875,19.002899169921875,19.002899169921875,19.002899169921875,250,0.0,0.0,0.0
2023-02-01 12:20:00-05:00,19.03499984741211,19.03499984741211,19.03499984741211,19.03499984741211,19.03499984741211,106,0.0,0.0,0.0
2023-02-01 12:30:00-05:00,19.040000915527344,19.040000915527344,19.0,19.0,19.0,1041,0.0,0.0,0.0
2023-02-01 12:35:00-05:00,19.030000686645508,19.030000686645508,19.030000686645508,19.030000686645508,19.030000686645508,371,0.0,0.0,0.0
2023-02-01 13:30:00-05:00,19.1200008392334,19.1200008392334,19.1200008392334,19.1200008392334,19.1200008392334,2086,0.0,0.0,0.0
2023-02-01 13:45:00-05:00,19.08989906311035,19.08989906311035,19.08989906311035,19.08989906311035,19.08989906311035,2502,0.0,0.0,0.0
2023-02-01 14:10:00-05:00,19.200000762939453,19.200000762939453,19.19849967956543,19.19849967956543,19.19849967956543,1036,0.0,0.0,0.0
2023-02-01 14:15:00-05:00,19.219999313354492,19.239999771118164,19.149999618530273,19.209699630737305,19.209699630737305,3240,0.0,0.0,0.0
2023-02-01 14:20:00-05:00,19.150800704956055,19.179899215698242,19.150800704956055,19.179899215698242,19.179899215698242,1306,0.0,0.0,0.0
2023-02-01 14:25:00-05:00,19.180999755859375,19.180999755859375,19.1299991607666,19.1299991607666,19.1299991607666,664,0.0,0.0,0.0
2023-02-01 14:30:00-05:00,19.113100051879883,19.113100051879883,19.079999923706055,19.079999923706055,19.079999923706055,2859,0.0,0.0,0.0
2023-02-01 14:40:00-05:00,19.350000381469727,19.350000381469727,19.322500228881836,19.322500228881836,19.322500228881836,363,0.0,0.0,0.0
2023-02-01 14:50:00-05:00,19.564699172973633,19.564699172973633,19.564699172973633,19.564699172973633,19.564699172973633,259,0.0,0.0,0.0
2023-02-01 14:55:00-05:00,19.516000747680664,19.516000747680664,19.516000747680664,19.516000747680664,19.516000747680664,282,0.0,0.0,0.0
2023-02-01 15:00:00-05:00,19.530000686645508,19.53499984741211,19.530000686645508,19.53499984741211,19.53499984741211,909,0.0,0.0,0.0
2023-02-01 15:05:00-05:00,19.610000610351562,19.679899215698242,19.610000610351562,19.679899215698242,19.679899215698242,641,0.0,0.0,0.0
2023-02-01 15:10:00-05:00,19.638599395751953,19.655000686645508,19.559999465942383,19.59830093383789,19.59830093383789,952,0.0,0.0,0.0
2023-02-01 15:15:00-05:00,19.625699996948242,19.625699996948242,19.58970069885254,19.58970069885254,19.58970069885254,1225,0.0,0.0,0.0
2023-02-01 15:20:00-05:00,19.63960075378418,19.639999389648438,19.63960075378418,19.639999389648438,19.639999389648438,2905,0.0,0.0,0.0
2023-02-01 15:25:00-05:00,19.649999618530273,19.670000076293945,19.6299991607666,19.652999877929688,19.652999877929688,5706,0.0,0.0,0.0
2023-02-01 15:30:00-05:00,19.649999618530273,19.678800582885742,19.649999618530273,19.678800582885742,19.678800582885742,540,0.0,0.0,0.0
2023-02-01 15:35:00-05:00,19.700000762939453,19.709999084472656,19.700000762939453,19.709999084472656,19.709999084472656,444,0.0,0.0,0.0
2023-02-01 15:45:00-05:00,19.690000534057617,19.690000534057617,19.690000534057617,19.690000534057617,19.690000534057617,135,0.0,0.0,0.0
2023-02-01 15:50:00-05:00,19.549999237060547,19.549999237060547,19.549999237060547,19.549999237060547,19.549999237060547,161,0.0,0.0,0.0
2023-02-01 15:55:00-05:00,19.60810089111328,19.60810089111328,19.60810089111328,19.60810089111328,19.60810089111328,0,0.0,0.0,0.0
2023-02-02 09:30:00-05:00,19.989999771118164,20.0,19.677000045776367,19.940000534057617,19.940000534057617,11703,0.0,0.0,0.0
2023-02-02 09:40:00-05:00,20.0,20.0,20.0,20.0,20.0,2369,0.0,0.0,0.0
2023-02-02 09:50:00-05:00,20.0,20.0,20.0,20.0,20.0,241,0.0,0.0,0.0
2023-02-02 09:55:00-05:00,20.0,20.0,20.0,20.0,20.0,126,0.0,0.0,0.0
2023-02-02 10:00:00-05:00,19.899999618530273,19.899999618530273,19.860000610351562,19.860000610351562,19.860000610351562,1903,0.0,0.0,0.0
2023-02-02 10:05:00-05:00,19.885000228881836,19.91160011291504,19.885000228881836,19.91160011291504,19.91160011291504,692,0.0,0.0,0.0
2023-02-02 10:15:00-05:00,19.915000915527344,19.938899993896484,19.915000915527344,19.938899993896484,19.938899993896484,407,0.0,0.0,0.0
2023-02-02 10:20:00-05:00,19.989999771118164,19.989999771118164,19.97760009765625,19.97760009765625,19.97760009765625,655,0.0,0.0,0.0
2023-02-02 10:35:00-05:00,20.079999923706055,20.110000610351562,20.07670021057129,20.07670021057129,20.07670021057129,2458,0.0,0.0,0.0
2023-02-02 11:00:00-05:00,20.165000915527344,20.210599899291992,20.165000915527344,20.209999084472656,20.209999084472656,1205,0.0,0.0,0.0
2023-02-02 11:05:00-05:00,20.196699142456055,20.196699142456055,20.196699142456055,20.196699142456055,20.196699142456055,599,0.0,0.0,0.0
2023-02-02 11:15:00-05:00,20.18000030517578,20.18000030517578,20.149999618530273,20.149999618530273,20.149999618530273,460,0.0,0.0,0.0
2023-02-02 11:25:00-05:00,20.149999618530273,20.149999618530273,20.149999618530273,20.149999618530273,20.149999618530273,249,0.0,0.0,0.0
2023-02-02 11:30:00-05:00,20.149999618530273,20.18000030517578,20.149999618530273,20.18000030517578,20.18000030517578,544,0.0,0.0,0.0
2023-02-02 11:40:00-05:00,20.146099090576172,20.146099090576172,20.146099090576172,20.146099090576172,20.146099090576172,4966,0.0,0.0,0.0
2023-02-02 11:45:00-05:00,20.110000610351562,20.110000610351562,20.100000381469727,20.100000381469727,20.100000381469727,1002,0.0,0.0,0.0
2023-02-02 12:10:00-05:00,20.100000381469727,20.100000381469727,20.100000381469727,20.100000381469727,20.100000381469727,326,0.0,0.0,0.0
2023-02-02 12:15:00-05:00,20.100000381469727,20.100000381469727,20.100000381469727,20.100000381469727,20.100000381469727,738,0.0,0.0,0.0
2023-02-02 12:25:00-05:00,20.15999984741211,20.15999984741211,20.079999923706055,20.15999984741211,20.15999984741211,1307,0.0,0.0,0.0
2023-02-02 12:40:00-05:00,20.159099578857422,20.159099578857422,20.159099578857422,20.159099578857422,20.159099578857422,138,0.0,0.0,0.0
2023-02-02 12:45:00-05:00,20.149999618530273,20.149999618530273,20.125,20.125,20.125,1387,0.0,0.0,0.0
2023-02-02 12:50:00-05:00,20.09000015258789,20.09000015258789,20.09000015258789,20.09000015258789,20.09000015258789,543,0.0,0.0,0.0
2023-02-02 13:10:00-05:00,20.190000534057617,20.190000534057617,20.16670036315918,20.16670036315918,20.16670036315918,1000,0.0,0.0,0.0
2023-02-02 13:15:00-05:00,20.179399490356445,20.179399490356445,20.179399490356445,20.179399490356445,20.179399490356445,988,0.0,0.0,0.0
2023-02-02 13:45:00-05:00,20.2322998046875,20.2322998046875,20.2322998046875,20.2322998046875,20.2322998046875,0,0.0,0.0,0.0
2023-02-02 13:55:00-05:00,20.270000457763672,20.270000457763672,20.270000457763672,20.270000457763672,20.270000457763672,129,0.0,0.0,0.0
2023-02-02 14:05:00-05:00,20.190000534057617,20.190000534057617,20.190000534057617,20.190000534057617,20.190000534057617,530,0.0,0.0,0.0
2023-02-02 14:10:00-05:00,20.18000030517578,20.19499969482422,20.149999618530273,20.149999618530273,20.149999618530273,1082,0.0,0.0,0.0
2023-02-02 14:15:00-05:00,20.1481990814209,20.1481990814209,20.1481990814209,20.1481990814209,20.1481990814209,251,0.0,0.0,0.0
2023-02-02 14:20:00-05:00,20.139999389648438,20.139999389648438,20.1299991607666,20.1299991607666,20.1299991607666,397,0.0,0.0,0.0
2023-02-02 14:45:00-05:00,19.89349937438965,19.89349937438965,19.89349937438965,19.89349937438965,19.89349937438965,1057,0.0,0.0,0.0
2023-02-02 14:50:00-05:00,19.940000534057617,19.944599151611328,19.899999618530273,19.944599151611328,19.944599151611328,1203,0.0,0.0,0.0
2023-02-02 14:55:00-05:00,19.899999618530273,19.899999618530273,19.8799991607666,19.8799991607666,19.8799991607666,381,0.0,0.0,0.0
2023-02-02 15:00:00-05:00,19.760000228881836,19.760000228881836,19.760000228881836,19.760000228881836,19.760000228881836,542,0.0,0.0,0.0
2023-02-02 15:05:00-05:00,19.799999237060547,19.799999237060547,19.799999237060547,19.799999237060547,19.799999237060547,107,0.0,0.0,0.0
2023-02-02 15:10:00-05:00,19.849300384521484,19.849300384521484,19.849300384521484,19.849300384521484,19.849300384521484,167,0.0,0.0,0.0
2023-02-02 15:35:00-05:00,19.90999984741211,19.90999984741211,19.90999984741211,19.90999984741211,19.90999984741211,296,0.0,0.0,0.0
2023-02-02 15:40:00-05:00,19.899999618530273,19.899999618530273,19.8700008392334,19.8700008392334,19.8700008392334,515,0.0,0.0,0.0
2023-02-02 15:50:00-05:00,19.93000030517578,19.93000030517578,19.93000030517578,19.93000030517578,19.93000030517578,122,0.0,0.0,0.0
2023-02-02 15:55:00-05:00,19.979999542236328,19.979999542236328,19.979999542236328,19.979999542236328,19.979999542236328,0,0.0,0.0,0.0
2023-02-03 09:30:00-05:00,19.700000762939453,19.700000762939453,19.53809928894043,19.693199157714844,19.693199157714844,1321,0.0,0.0,0.0
2023-02-03 09:35:00-05:00,19.540000915527344,19.540000915527344,19.540000915527344,19.540000915527344,19.540000915527344,1140,0.0,0.0,0.0
2023-02-03 09:40:00-05:00,19.790800094604492,19.790800094604492,19.729999542236328,19.729999542236328,19.729999542236328,354,0.0,0.0,0.0
2023-02-03 09:50:00-05:00,19.906200408935547,19.906200408935547,19.906200408935547,19.906200408935547,19.906200408935547,580,0.0,0.0,0.0
2023-02-03 10:00:00-05:00,19.790000915527344,19.790000915527344,19.790000915527344,19.790000915527344,19.790000915527344,209,0.0,0.0,0.0
2023-02-03 10:20:00-05:00,19.90999984741211,19.90999984741211,19.90999984741211,19.90999984741211,19.90999984741211,2709,0.0,0.0,0.0
2023-02-03 10:30:00-05:00,19.899999618530273,19.899999618530273,19.899999618530273,19.899999618530273,19.899999618530273,134,0.0,0.0,0.0
2023-02-03 10:35:00-05:00,19.93000030517578,19.93000030517578,19.93000030517578,19.93000030517578,19.93000030517578,1004,0.0,0.0,0.0
2023-02-03 10:45:00-05:00,20.0,20.0,20.0,20.0,20.0,0,0.0,0.0,0.0
2023-02-03 10:55:00-05:00,19.969999313354492,19.969999313354492,19.969999313354492,19.969999313354492,19.969999313354492,402,0.0,0.0,0.0
2023-02-03 11:10:00-05:00,20.0049991607666,20.006799697875977,20.0049991607666,20.006799697875977,20.006799697875977,316,0.0,0.0,0.0
2023-02-03 11:15:00-05:00,19.959999084472656,19.989999771118164,19.959999084472656,19.989999771118164,19.989999771118164,610,0.0,0.0,0.0
2023-02-03 11:20:00-05:00,19.989999771118164,20.010000228881836,19.989999771118164,20.010000228881836,20.010000228881836,3131,0.0,0.0,0.0
2023-02-03 11:25:00-05:00,19.979999542236328,19.979999542236328,19.979999542236328,19.979999542236328,19.979999542236328,218,0.0,0.0,0.0
2023-02-03 11:35:00-05:00,19.989999771118164,19.989999771118164,19.989999771118164,19.989999771118164,19.989999771118164,300,0.0,0.0,0.0
2023-02-03 11:40:00-05:00,19.934999465942383,19.940000534057617,19.934999465942383,19.940000534057617,19.940000534057617,614,0.0,0.0,0.0
2023-02-03 12:05:00-05:00,19.93000030517578,19.93000030517578,19.93000030517578,19.93000030517578,19.93000030517578,604,0.0,0.0,0.0
2023-02-03 12:15:00-05:00,19.959199905395508,19.959199905395508,19.959199905395508,19.959199905395508,19.959199905395508,2528,0.0,0.0,0.0
2023-02-03 12:25:00-05:00,19.989999771118164,19.989999771118164,19.989999771118164,19.989999771118164,19.989999771118164,116,0.0,0.0,0.0
2023-02-03 12:30:00-05:00,19.959999084472656,19.959999084472656,19.953699111938477,19.953699111938477,19.953699111938477,568,0.0,0.0,0.0
2023-02-03 12:35:00-05:00,19.969999313354492,19.969999313354492,19.969999313354492,19.969999313354492,19.969999313354492,100,0.0,0.0,0.0
2023-02-03 12:40:00-05:00,19.950000762939453,19.950000762939453,19.950000762939453,19.950000762939453,19.950000762939453,107,0.0,0.0,0.0
2023-02-03 12:45:00-05:00,19.950000762939453,19.950000762939453,19.950000762939453,19.950000762939453,19.950000762939453,200,0.0,0.0,0.0
2023-02-03 12:50:00-05:00,19.94930076599121,19.94930076599121,19.94930076599121,19.94930076599121,19.94930076599121,440,0.0,0.0,0.0
2023-02-03 13:05:00-05:00,19.770099639892578,19.770099639892578,19.770000457763672,19.770000457763672,19.770000457763672,237,0.0,0.0,0.0
2023-02-03 13:10:00-05:00,19.7549991607666,19.7549991607666,19.75,19.75,19.75,321,0.0,0.0,0.0
2023-02-03 13:15:00-05:00,19.713600158691406,19.713600158691406,19.713600158691406,19.713600158691406,19.713600158691406,133,0.0,0.0,0.0
2023-02-03 13:25:00-05:00,19.719999313354492,19.719999313354492,19.719999313354492,19.719999313354492,19.719999313354492,105,0.0,0.0,0.0
2023-02-03 13:30:00-05:00,19.700000762939453,19.700000762939453,19.65999984741211,19.65999984741211,19.65999984741211,557,0.0,0.0,0.0
2023-02-03 13:35:00-05:00,19.600000381469727,19.600000381469727,19.600000381469727,19.600000381469727,19.600000381469727,206,0.0,0.0,0.0
2023-02-03 13:40:00-05:00,19.649999618530273,19.649999618530273,19.610000610351562,19.610000610351562,19.610000610351562,1300,0.0,0.0,0.0
2023-02-03 13:45:00-05:00,19.635000228881836,19.635000228881836,19.635000228881836,19.635000228881836,19.635000228881836,100,0.0,0.0,0.0
2023-02-03 13:50:00-05:00,19.618099212646484,19.699899673461914,19.618099212646484,19.699899673461914,19.699899673461914,340,0.0,0.0,0.0
2023-02-03 13:55:00-05:00,19.672199249267578,19.672199249267578,19.672199249267578,19.672199249267578,19.672199249267578,508,0.0,0.0,0.0
2023-02-03 14:05:00-05:00,19.600000381469727,19.600000381469727,19.600000381469727,19.600000381469727,19.600000381469727,327,0.0,0.0,0.0
2023-02-03 14:10:00-05:00,19.6299991607666,19.6299991607666,19.6299991607666,19.6299991607666,19.6299991607666,100,0.0,0.0,0.0
2023-02-03 14:15:00-05:00,19.6299991607666,19.6299991607666,19.600099563598633,19.600099563598633,19.600099563598633,2300,0.0,0.0,0.0
2023-02-03 14:20:00-05:00,19.6200008392334,19.6200008392334,19.6200008392334,19.6200008392334,19.6200008392334,228,0.0,0.0,0.0
2023-02-03 14:30:00-05:00,19.610000610351562,19.610000610351562,19.610000610351562,19.610000610351562,19.610000610351562,186,0.0,0.0,0.0
2023-02-03 14:40:00-05:00,19.615100860595703,19.63990020751953,19.615100860595703,19.6299991607666,19.6299991607666,5099,0.0,0.0,0.0
2023-02-03 14:45:00-05:00,19.6200008392334,19.6200008392334,19.6200008392334,19.6200008392334,19.6200008392334,283,0.0,0.0,0.0
2023-02-03 14:50:00-05:00,19.610000610351562,19.610000610351562,19.610000610351562,19.610000610351562,19.610000610351562,200,0.0,0.0,0.0
2023-02-03 14:55:00-05:00,19.600000381469727,19.600000381469727,19.600000381469727,19.600000381469727,19.600000381469727,456,0.0,0.0,0.0
2023-02-03 15:00:00-05:00,19.510000228881836,19.510000228881836,19.510000228881836,19.510000228881836,19.510000228881836,231,0.0,0.0,0.0
2023-02-03 15:05:00-05:00,19.530000686645508,19.530000686645508,19.530000686645508,19.530000686645508,19.530000686645508,121,0.0,0.0,0.0
2023-02-03 15:10:00-05:00,19.55500030517578,19.55500030517578,19.55500030517578,19.55500030517578,19.55500030517578,200,0.0,0.0,0.0
2023-02-03 15:15:00-05:00,19.549999237060547,19.549999237060547,19.549999237060547,19.549999237060547,19.549999237060547,141,0.0,0.0,0.0
2023-02-03 15:30:00-05:00,19.560100555419922,19.56999969482422,19.560100555419922,19.56999969482422,19.56999969482422,301,0.0,0.0,0.0
2023-02-03 15:35:00-05:00,19.549999237060547,19.549999237060547,19.549999237060547,19.549999237060547,19.549999237060547,102,0.0,0.0,0.0
2023-02-03 15:45:00-05:00,19.55500030517578,19.559999465942383,19.5,19.5,19.5,1582,0.0,0.0,0.0
2023-02-03 15:50:00-05:00,19.520000457763672,19.520000457763672,19.520000457763672,19.520000457763672,19.520000457763672,500,0.0,0.0,0.0
2023-02-03 15:55:00-05:00,19.559999465942383,19.559999465942383,19.559999465942383,19.559999465942383,19.559999465942383,316,0.0,0.0,0.0
2023-02-06 09:30:00-05:00,20.5,20.5,19.31999969482422,19.38479995727539,19.38479995727539,0,0.0,0.0,0.0
2023-02-06 09:35:00-05:00,19.31999969482422,19.31999969482422,19.31999969482422,19.31999969482422,19.31999969482422,547,0.0,0.0,0.0
2023-02-06 09:55:00-05:00,19.317699432373047,19.317699432373047,19.317699432373047,19.317699432373047,19.317699432373047,160,0.0,0.0,0.0
2023-02-06 10:00:00-05:00,19.280000686645508,19.280000686645508,19.280000686645508,19.280000686645508,19.280000686645508,263,0.0,0.0,0.0
2023-02-06 10:05:00-05:00,19.3700008392334,19.40999984741211,19.299999237060547,19.40999984741211,19.40999984741211,712,0.0,0.0,0.0
2023-02-06 10:10:00-05:00,19.3799991607666,19.3799991607666,19.3799991607666,19.3799991607666,19.3799991607666,125,0.0,0.0,0.0
2023-02-06 10:20:00-05:00,19.280000686645508,19.280000686645508,19.280000686645508,19.280000686645508,19.280000686645508,236,0.0,0.0,0.0
2023-02-06 10:30:00-05:00,19.165000915527344,19.165000915527344,19.1299991607666,19.1299991607666,19.1299991607666,429,0.0,0.0,0.0
2023-02-06 10:35:00-05:00,19.209999084472656,19.209999084472656,19.149999618530273,19.15999984741211,19.15999984741211,1824,0.0,0.0,0.0
2023-02-06 10:45:00-05:00,19.219999313354492,19.235000610351562,19.219999313354492,19.235000610351562,19.235000610351562,1555,0.0,0.0,0.0
2023-02-06 11:00:00-05:00,19.309999465942383,19.309999465942383,19.295000076293945,19.295000076293945,19.295000076293945,500,0.0,0.0,0.0
2023-02-06 11:05:00-05:00,19.290000915527344,19.326499938964844,19.290000915527344,19.326499938964844,19.326499938964844,526,0.0,0.0,0.0
2023-02-06 11:15:00-05:00,19.344999313354492,19.344999313354492,19.344999313354492,19.344999313354492,19.344999313354492,179,0.0,0.0,0.0
2023-02-06 11:25:00-05:00,19.3799991607666,19.3799991607666,19.3799991607666,19.3799991607666,19.3799991607666,334,0.0,0.0,0.0
2023-02-06 11:50:00-05:00,19.344999313354492,19.3700008392334,19.344999313354492,19.344999313354492,19.344999313354492,405,0.0,0.0,0.0
2023-02-06 11:55:00-05:00,19.329999923706055,19.329999923706055,19.31999969482422,19.31999969482422,19.31999969482422,847,0.0,0.0,0.0
2023-02-06 12:10:00-05:00,19.31999969482422,19.31999969482422,19.31999969482422,19.31999969482422,19.31999969482422,320,0.0,0.0,0.0
2023-02-06 12:15:00-05:00,19.31999969482422,19.31999969482422,19.31999969482422,19.31999969482422,19.31999969482422,170,0.0,0.0,0.0
2023-02-06 12:20:00-05:00,19.25,19.25,19.25,19.25,19.25,220,0.0,0.0,0.0
2023-02-06 12:25:00-05:00,19.294099807739258,19.294099807739258,19.270000457763672,19.270000457763672,19.270000457763672,4766,0.0,0.0,0.0
2023-02-06 12:30:00-05:00,19.309999465942383,19.309999465942383,19.309999465942383,19.309999465942383,19.309999465942383,250,0.0,0.0,0.0
2023-02-06 12:35:00-05:00,19.360000610351562,19.3700008392334,19.34000015258789,19.34000015258789,19.34000015258789,2583,0.0,0.0,0.0
2023-02-06 12:45:00-05:00,19.295000076293945,19.295000076293945,19.295000076293945,19.295000076293945,19.295000076293945,200,0.0,0.0,0.0
2023-02-06 12:50:00-05:00,19.315000534057617,19.315000534057617,19.315000534057617,19.315000534057617,19.315000534057617,467,0.0,0.0,0.0
2023-02-06 13:05:00-05:00,19.270000457763672,19.270000457763672,19.246700286865234,19.246700286865234,19.246700286865234,3115,0.0,0.0,0.0
2023-02-06 13:10:00-05:00,19.229999542236328,19.229999542236328,19.219999313354492,19.219999313354492,19.219999313354492,743,0.0,0.0,0.0
2023-02-06 13:15:00-05:00,19.219999313354492,19.219999313354492,19.219999313354492,19.219999313354492,19.219999313354492,302,0.0,0.0,0.0
2023-02-06 14:00:00-05:00,19.229999542236328,19.229999542236328,19.229999542236328,19.229999542236328,19.229999542236328,261,0.0,0.0,0.0
2023-02-06 14:20:00-05:00,19.329999923706055,19.329999923706055,19.31450080871582,19.31450080871582,19.31450080871582,571,0.0,0.0,0.0
2023-02-06 14:35:00-05:00,19.229999542236328,19.24180030822754,19.229999542236328,19.24180030822754,19.24180030822754,214,0.0,0.0,0.0
2023-02-06 14:40:00-05:00,19.219999313354492,19.219999313354492,19.209999084472656,19.209999084472656,19.209999084472656,461,0.0,0.0,0.0
2023-02-06 14:45:00-05:00,19.225000381469727,19.225000381469727,19.225000381469727,19.225000381469727,19.225000381469727,170,0.0,0.0,0.0
2023-02-06 14:50:00-05:00,19.209999084472656,19.209999084472656,19.209999084472656,19.209999084472656,19.209999084472656,287,0.0,0.0,0.0
2023-02-06 15:10:00-05:00,19.200000762939453,19.204999923706055,19.200000762939453,19.204999923706055,19.204999923706055,2754,0.0,0.0,0.0
2023-02-06 15:15:00-05:00,19.204999923706055,19.209999084472656,19.204999923706055,19.209999084472656,19.209999084472656,1175,0.0,0.0,0.0
2023-02-06 15:25:00-05:00,19.209999084472656,19.209999084472656,19.200000762939453,19.200000762939453,19.200000762939453,0,0.0,0.0,0.0
2023-02-06 15:30:00-05:00,19.18000030517578,19.18000030517578,19.18000030517578,19.18000030517578,19.18000030517578,35488,0.0,0.0,0.0
2023-02-06 15:40:00-05:00,19.244699478149414,19.244699478149414,19.244699478149414,19.244699478149414,19.244699478149414,502,0.0,0.0,0.0
2023-02-06 15:45:00-05:00,19.260000228881836,19.260000228881836,19.23150062561035,19.23150062561035,19.23150062561035,1000,0.0,0.0,0.0
2023-02-06 15:50:00-05:00,19.290000915527344,19.299999237060547,19.290000915527344,19.290000915527344,19.290000915527344,561,0.0,0.0,0.0
2023-02-06 15:55:00-05:00,19.280000686645508,19.280000686645508,19.244199752807617,19.280000686645508,19.280000686645508,700,0.0,0.0,0.0
2023-02-07 09:30:00-05:00,19.34000015258789,19.34000015258789,19.34000015258789,19.34000015258789,19.34000015258789,0,0.0,0.0,0.0
2023-02-07 09:35:00-05:00,19.299999237060547,19.299999237060547,19.299999237060547,19.299999237060547,19.299999237060547,386,0.0,0.0,0.0
2023-02-07 09:45:00-05:00,19.260000228881836,19.260000228881836,19.260000228881836,19.260000228881836,19.260000228881836,177,0.0,0.0,0.0
2023-02-07 09:55:00-05:00,19.15999984741211,19.15999984741211,19.15999984741211,19.15999984741211,19.15999984741211,452,0.0,0.0,0.0
2023-02-07 10:10:00-05:00,19.139999389648438,19.164600372314453,19.139999389648438,19.164600372314453,19.164600372314453,446,0.0,0.0,0.0
2023-02-07 10:25:00-05:00,19.100000381469727,19.100000381469727,19.030000686645508,19.06999969482422,19.06999969482422,2025,0.0,0.0,0.0
2023-02-07 10:40:00-05:00,19.091699600219727,19.11829948425293,19.091699600219727,19.11829948425293,19.11829948425293,3407,0.0,0.0,0.0
2023-02-07 10:50:00-05:00,19.149999618530273,19.199899673461914,19.149999618530273,19.199899673461914,19.199899673461914,3244,0.0,0.0,0.0
2023-02-07 11:10:00-05:00,19.200000762939453,19.200000762939453,19.200000762939453,19.200000762939453,19.200000762939453,373,0.0,0.0,0.0
2023-02-07 12:20:00-05:00,19.209999084472656,19.209999084472656,19.170000076293945,19.170000076293945,19.170000076293945,526,0.0,0.0,0.0
2023-02-07 13:15:00-05:00,19.364999771118164,19.364999771118164,19.364999771118164,19.364999771118164,19.364999771118164,195,0.0,0.0,0.0
2023-02-07 13:25:00-05:00,19.31999969482422,19.31999969482422,19.309999465942383,19.309999465942383,19.309999465942383,493,0.0,0.0,0.0
2023-02-07 14:15:00-05:00,19.3700008392334,19.3700008392334,19.3700008392334,19.3700008392334,19.3700008392334,124,0.0,0.0,0.0
2023-02-07 14:30:00-05:00,19.3799991607666,19.3799991607666,19.329999923706055,19.329999923706055,19.329999923706055,1007,0.0,0.0,0.0
2023-02-07 15:00:00-05:00,19.44499969482422,19.44499969482422,19.44499969482422,19.44499969482422,19.44499969482422,815,0.0,0.0,0.0
2023-02-07 15:05:00-05:00,19.450000762939453,19.450000762939453,19.399999618530273,19.399999618530273,19.399999618530273,450,0.0,0.0,0.0
2023-02-07 15:10:00-05:00,19.40999984741211,19.424999237060547,19.40999984741211,19.424999237060547,19.424999237060547,400,0.0,0.0,0.0
2023-02-07 15:15:00-05:00,19.45009994506836,19.45009994506836,19.45009994506836,19.45009994506836,19.45009994506836,312,0.0,0.0,0.0
2023-02-07 15:25:00-05:00,19.5,19.5,19.5,19.5,19.5,200,0.0,0.0,0.0
2023-02-07 15:30:00-05:00,19.520000457763672,19.520000457763672,19.520000457763672,19.520000457763672,19.520000457763672,330,0.0,0.0,0.0
2023-02-07 15:45:00-05:00,19.520000457763672,19.520000457763672,19.520000457763672,19.520000457763672,19.520000457763672,200,0.0,0.0,0.0
2023-02-07 15:50:00-05:00,19.610000610351562,19.6200008392334,19.59510040283203,19.59510040283203,19.59510040283203,318,0.0,0.0,0.0
2023-02-08 09:30:00-05:00,19.559999465942383,19.559999465942383,19.559999465942383,19.559999465942383,19.559999465942383,0,0.0,0.0,0.0
2023-02-08 09:35:00-05:00,19.649999618530273,19.649999618530273,19.649999618530273,19.649999618530273,19.649999618530273,135,0.0,0.0,0.0
2023-02-08 09:45:00-05:00,19.690000534057617,19.690000534057617,19.690000534057617,19.690000534057617,19.690000534057617,154,0.0,0.0,0.0
2023-02-08 09:50:00-05:00,19.610000610351562,19.610000610351562,19.565000534057617,19.565000534057617,19.565000534057617,767,0.0,0.0,0.0
2023-02-08 10:05:00-05:00,19.559999465942383,19.559999465942383,19.559999465942383,19.559999465942383,19.559999465942383,206,0.0,0.0,0.0
2023-02-08 10:10:00-05:00,19.594999313354492,19.594999313354492,19.59000015258789,19.59000015258789,19.59000015258789,265,0.0,0.0,0.0
2023-02-08 10:20:00-05:00,19.68000030517578,19.68000030517578,19.679899215698242,19.679899215698242,19.679899215698242,2121,0.0,0.0,0.0
2023-02-08 10:30:00-05:00,19.549999237060547,19.549999237060547,19.450000762939453,19.450000762939453,19.450000762939453,1688,0.0,0.0,0.0
2023-02-08 10:40:00-05:00,19.479999542236328,19.479999542236328,19.479999542236328,19.479999542236328,19.479999542236328,2569,0.0,0.0,0.0
2023-02-08 10:45:00-05:00,19.510000228881836,19.510000228881836,19.510000228881836,19.510000228881836,19.510000228881836,157,0.0,0.0,0.0
2023-02-08 10:55:00-05:00,19.479999542236328,19.479999542236328,19.479999542236328,19.479999542236328,19.479999542236328,271,0.0,0.0,0.0
2023-02-08 11:00:00-05:00,19.459999084472656,19.459999084472656,19.459999084472656,19.459999084472656,19.459999084472656,196,0.0,0.0,0.0
2023-02-08 11:05:00-05:00,19.450000762939453,19.450000762939453,19.450000762939453,19.450000762939453,19.450000762939453,292,0.0,0.0,0.0
2023-02-08 11:20:00-05:00,19.43000030517578,19.43000030517578,19.43000030517578,19.43000030517578,19.43000030517578,193,0.0,0.0,0.0
2023-02-08 11:25:00-05:00,19.344600677490234,19.344600677490234,19.309999465942383,19.309999465942383,19.309999465942383,1372,0.0,0.0,0.0
2023-02-08 11:30:00-05:00,19.331100463867188,19.331100463867188,19.331100463867188,19.331100463867188,19.331100463867188,232,0.0,0.0,0.0
2023-02-08 11:50:00-05:00,19.3799991607666,19.3799991607666,19.3799991607666,19.3799991607666,19.3799991607666,206,0.0,0.0,0.0
2023-02-08 12:00:00-05:00,19.399999618530273,19.399999618530273,19.399999618530273,19.399999618530273,19.399999618530273,534,0.0,0.0,0.0
2023-02-08 12:10:00-05:00,19.3799991607666,19.3799991607666,19.3799991607666,19.3799991607666,19.3799991607666,127,0.0,0.0,0.0
2023-02-08 12:20:00-05:00,19.395000457763672,19.395000457763672,19.395000457763672,19.395000457763672,19.395000457763672,727,0.0,0.0,0.0
2023-02-08 12:30:00-05:00,19.395000457763672,19.395000457763672,19.395000457763672,19.395000457763672,19.395000457763672,401,0.0,0.0,0.0
2023-02-08 12:35:00-05:00,19.389999389648438,19.389999389648438,19.360000610351562,19.360000610351562,19.360000610351562,280,0.0,0.0,0.0
2023-02-08 12:55:00-05:00,19.340099334716797,19.340099334716797,19.340099334716797,19.340099334716797,19.340099334716797,316,0.0,0.0,0.0
2023-02-08 13:10:00-05:00,19.459999084472656,19.459999084472656,19.459999084472656,19.459999084472656,19.459999084472656,100,0.0,0.0,0.0
2023-02-08 13:15:00-05:00,19.399999618530273,19.399999618530273,19.399999618530273,19.399999618530273,19.399999618530273,360,0.0,0.0,0.0
2023-02-08 13:25:00-05:00,19.399999618530273,19.40999984741211,19.399999618530273,19.399999618530273,19.399999618530273,1188,0.0,0.0,0.0
2023-02-08 13:30:00-05:00,19.399999618530273,19.405000686645508,19.399999618530273,19.405000686645508,19.405000686645508,253,0.0,0.0,0.0
2023-02-08 13:35:00-05:00,19.40999984741211,19.40999984741211,19.40999984741211,19.40999984741211,19.40999984741211,235,0.0,0.0,0.0
2023-02-08 14:05:00-05:00,19.3700008392334,19.3700008392334,19.3700008392334,19.3700008392334,19.3700008392334,100,0.0,0.0,0.0
2023-02-08 14:10:00-05:00,19.389999389648438,19.389999389648438,19.389999389648438,19.389999389648438,19.389999389648438,100,0.0,0.0,0.0
2023-02-08 14:15:00-05:00,19.415000915527344,19.415000915527344,19.415000915527344,19.415000915527344,19.415000915527344,456,0.0,0.0,0.0
2023-02-08 14:25:00-05:00,19.392000198364258,19.392000198364258,19.375900268554688,19.375900268554688,19.375900268554688,511,0.0,0.0,0.0
2023-02-08 14:30:00-05:00,19.40999984741211,19.40999984741211,19.385000228881836,19.385000228881836,19.385000228881836,312,0.0,0.0,0.0
2023-02-08 14:40:00-05:00,19.360000610351562,19.360000610351562,19.360000610351562,19.360000610351562,19.360000610351562,148,0.0,0.0,0.0
2023-02-08 14:50:00-05:00,19.32979965209961,19.32979965209961,19.32979965209961,19.32979965209961,19.32979965209961,112,0.0,0.0,0.0
2023-02-08 14:55:00-05:00,19.34119987487793,19.34119987487793,19.34000015258789,19.34000015258789,19.34000015258789,211,0.0,0.0,0.0
2023-02-08 15:00:00-05:00,19.31999969482422,19.31999969482422,19.31999969482422,19.31999969482422,19.31999969482422,102,0.0,0.0,0.0
2023-02-08 15:10:00-05:00,19.290000915527344,19.290000915527344,19.290000915527344,19.290000915527344,19.290000915527344,106,0.0,0.0,0.0
2023-02-08 15:20:00-05:00,19.280000686645508,19.302499771118164,19.280000686645508,19.302499771118164,19.302499771118164,320,0.0,0.0,0.0
2023-02-08 15:35:00-05:00,19.290000915527344,19.329999923706055,19.290000915527344,19.32699966430664,19.32699966430664,759,0.0,0.0,0.0
2023-02-08 15:45:00-05:00,19.309999465942383,19.309999465942383,19.280000686645508,19.280000686645508,19.280000686645508,772,0.0,0.0,0.0
2023-02-08 15:50:00-05:00,19.31999969482422,19.31999969482422,19.31999969482422,19.31999969482422,19.31999969482422,131,0.0,0.0,0.0
2023-02-08 15:55:00-05:00,19.31999969482422,19.31999969482422,19.31999969482422,19.31999969482422,19.31999969482422,276,0.0,0.0,0.0
2023-02-09 09:30:00-05:00,19.760000228881836,19.760000228881836,19.760000228881836,19.760000228881836,19.760000228881836,0,0.0,0.0,0.0
2023-02-09 09:35:00-05:00,19.72279930114746,19.72279930114746,19.72279930114746,19.72279930114746,19.72279930114746,283,0.0,0.0,0.0
2023-02-09 09:55:00-05:00,19.809999465942383,19.809999465942383,19.809999465942383,19.809999465942383,19.809999465942383,131,0.0,0.0,0.0
2023-02-09 10:00:00-05:00,19.770000457763672,19.770000457763672,19.770000457763672,19.770000457763672,19.770000457763672,328,0.0,0.0,0.0
2023-02-09 10:05:00-05:00,19.75200080871582,19.7549991607666,19.75200080871582,19.7549991607666,19.7549991607666,230,0.0,0.0,0.0
2023-02-09 10:15:00-05:00,19.848600387573242,19.848600387573242,19.848600387573242,19.848600387573242,19.848600387573242,100,0.0,0.0,0.0
2023-02-09 10:25:00-05:00,19.770000457763672,19.770000457763672,19.719999313354492,19.719999313354492,19.719999313354492,905,0.0,0.0,0.0
2023-02-09 10:35:00-05:00,19.709999084472656,19.709999084472656,19.671199798583984,19.671199798583984,19.671199798583984,600,0.0,0.0,0.0
2023-02-09 10:40:00-05:00,19.65999984741211,19.65999984741211,19.65999984741211,19.65999984741211,19.65999984741211,225,0.0,0.0,0.0
2023-02-09 10:45:00-05:00,19.65999984741211,19.65999984741211,19.65999984741211,19.65999984741211,19.65999984741211,621,0.0,0.0,0.0
2023-02-09 11:45:00-05:00,19.559999465942383,19.559999465942383,19.559999465942383,19.559999465942383,19.559999465942383,1672,0.0,0.0,0.0
2023-02-09 11:50:00-05:00,19.540000915527344,19.540000915527344,19.540000915527344,19.540000915527344,19.540000915527344,187,0.0,0.0,0.0
2023-02-09 12:00:00-05:00,19.560300827026367,19.560300827026367,19.560300827026367,19.560300827026367,19.560300827026367,235,0.0,0.0,0.0
2023-02-09 12:30:00-05:00,19.579999923706055,19.579999923706055,19.579999923706055,19.579999923706055,19.579999923706055,359,0.0,0.0,0.0
2023-02-09 12:45:00-05:00,19.5,19.5,19.5,19.5,19.5,316,0.0,0.0,0.0
2023-02-09 13:10:00-05:00,19.5,19.5,19.5,19.5,19.5,100,0.0,0.0,0.0
2023-02-09 13:20:00-05:00,19.5,19.5,19.5,19.5,19.5,504,0.0,0.0,0.0
2023-02-09 13:25:00-05:00,19.559799194335938,19.559799194335938,19.559799194335938,19.559799194335938,19.559799194335938,580,0.0,0.0,0.0
2023-02-09 13:40:00-05:00,19.520000457763672,19.520000457763672,19.520000457763672,19.520000457763672,19.520000457763672,118,0.0,0.0,0.0
2023-02-09 13:50:00-05:00,19.504100799560547,19.512100219726562,19.504100799560547,19.512100219726562,19.512100219726562,359,0.0,0.0,0.0
2023-02-09 13:55:00-05:00,19.510000228881836,19.510000228881836,19.510000228881836,19.510000228881836,19.510000228881836,152,0.0,0.0,0.0
2023-02-09 14:10:00-05:00,19.469999313354492,19.469999313354492,19.469999313354492,19.469999313354492,19.469999313354492,166,0.0,0.0,0.0
2023-02-09 14:25:00-05:00,19.43790054321289,19.43790054321289,19.40999984741211,19.40999984741211,19.40999984741211,536,0.0,0.0,0.0
2023-02-09 14:55:00-05:00,19.389799118041992,19.38990020751953,19.3799991607666,19.3799991607666,19.3799991607666,417,0.0,0.0,0.0
2023-02-09 15:00:00-05:00,19.299999237060547,19.299999237060547,19.25,19.25,19.25,2228,0.0,0.0,0.0
2023-02-09 15:15:00-05:00,19.280000686645508,19.280000686645508,19.280000686645508,19.280000686645508,19.280000686645508,280,0.0,0.0,0.0
2023-02-09 15:20:00-05:00,19.290000915527344,19.290000915527344,19.254199981689453,19.254199981689453,19.254199981689453,600,0.0,0.0,0.0
2023-02-09 15:25:00-05:00,19.240100860595703,19.25,19.239999771118164,19.239999771118164,19.239999771118164,3496,0.0,0.0,0.0
2023-02-09 15:30:00-05:00,19.239999771118164,19.239999771118164,19.190000534057617,19.190000534057617,19.190000534057617,425,0.0,0.0,0.0
2023-02-09 15:40:00-05:00,19.149999618530273,19.15999984741211,19.149999618530273,19.15999984741211,19.15999984741211,701,0.0,0.0,0.0
2023-02-09 15:50:00-05:00,19.239999771118164,19.25659942626953,19.239999771118164,19.25659942626953,19.25659942626953,0,0.0,0.0,0.0
2023-02-10 09:30:00-05:00,18.979999542236328,18.979999542236328,18.920000076293945,18.920000076293945,18.920000076293945,2085,0.0,0.0,0.0
2023-02-10 09:40:00-05:00,18.770000457763672,18.770000457763672,18.725000381469727,18.733999252319336,18.733999252319336,1715,0.0,0.0,0.0
2023-02-10 09:45:00-05:00,18.709999084472656,18.710100173950195,18.709999084472656,18.710100173950195,18.710100173950195,615,0.0,0.0,0.0
2023-02-10 09:50:00-05:00,18.700000762939453,18.700000762939453,18.690099716186523,18.690099716186523,18.690099716186523,6028,0.0,0.0,0.0
2023-02-10 10:05:00-05:00,18.62849998474121,18.70989990234375,18.62849998474121,18.670000076293945,18.670000076293945,100,0.0,0.0,0.0
2023-02-10 10:15:00-05:00,18.829999923706055,18.829999923706055,18.829999923706055,18.829999923706055,18.829999923706055,101,0.0,0.0,0.0
2023-02-10 10:20:00-05:00,18.860000610351562,18.860000610351562,18.829999923706055,18.829999923706055,18.829999923706055,336,0.0,0.0,0.0
2023-02-10 10:25:00-05:00,18.823200225830078,18.823200225830078,18.823200225830078,18.823200225830078,18.823200225830078,327,0.0,0.0,0.0
2023-02-10 10:30:00-05:00,18.850000381469727,18.860000610351562,18.850000381469727,18.860000610351562,18.860000610351562,609,0.0,0.0,0.0
2023-02-10 10:35:00-05:00,18.860000610351562,18.860000610351562,18.860000610351562,18.860000610351562,18.860000610351562,110,0.0,0.0,0.0
2023-02-10 10:40:00-05:00,18.829999923706055,18.829999923706055,18.825000762939453,18.825000762939453,18.825000762939453,1122,0.0,0.0,0.0
2023-02-10 10:45:00-05:00,18.81999969482422,18.81999969482422,18.81999969482422,18.81999969482422,18.81999969482422,158,0.0,0.0,0.0
2023-02-10 10:55:00-05:00,18.711599349975586,18.711599349975586,18.700000762939453,18.700000762939453,18.700000762939453,1304,0.0,0.0,0.0
2023-02-10 11:00:00-05:00,18.7450008392334,18.75,18.7450008392334,18.75,18.75,620,0.0,0.0,0.0
2023-02-10 11:05:00-05:00,18.75,18.75,18.75,18.75,18.75,121,0.0,0.0,0.0
2023-02-10 11:10:00-05:00,18.760000228881836,18.760000228881836,18.760000228881836,18.760000228881836,18.760000228881836,130,0.0,0.0,0.0
2023-02-10 11:30:00-05:00,18.764999389648438,18.764999389648438,18.72599983215332,18.72599983215332,18.72599983215332,952,0.0,0.0,0.0
2023-02-10 11:50:00-05:00,18.739999771118164,18.739999771118164,18.739999771118164,18.739999771118164,18.739999771118164,131,0.0,0.0,0.0
2023-02-10 11:55:00-05:00,18.719999313354492,18.719999313354492,18.719999313354492,18.719999313354492,18.719999313354492,298,0.0,0.0,0.0
2023-02-10 12:15:00-05:00,18.649999618530273,18.649999618530273,18.649999618530273,18.649999618530273,18.649999618530273,122,0.0,0.0,0.0
2023-02-10 12:25:00-05:00,18.639999389648438,18.639999389648438,18.639999389648438,18.639999389648438,18.639999389648438,120,0.0,0.0,0.0
2023-02-10 12:30:00-05:00,18.644399642944336,18.644399642944336,18.644399642944336,18.644399642944336,18.644399642944336,100,0.0,0.0,0.0
2023-02-10 12:45:00-05:00,18.690000534057617,18.739999771118164,18.690000534057617,18.739999771118164,18.739999771118164,533,0.0,0.0,0.0
2023-02-10 13:10:00-05:00,18.75,18.75,18.75,18.75,18.75,100,0.0,0.0,0.0
2023-02-10 13:15:00-05:00,18.75,18.75,18.75,18.75,18.75,901,0.0,0.0,0.0
2023-02-10 13:25:00-05:00,18.799999237060547,18.799999237060547,18.799999237060547,18.799999237060547,18.799999237060547,128,0.0,0.0,0.0
2023-02-10 13:30:00-05:00,18.790000915527344,18.790000915527344,18.790000915527344,18.790000915527344,18.790000915527344,119,0.0,0.0,0.0
2023-02-10 13:35:00-05:00,18.780000686645508,18.780000686645508,18.780000686645508,18.780000686645508,18.780000686645508,285,0.0,0.0,0.0
2023-02-10 14:00:00-05:00,18.709999084472656,18.709999084472656,18.700000762939453,18.700000762939453,18.700000762939453,496,0.0,0.0,0.0
2023-02-10 14:05:00-05:00,18.690000534057617,18.690000534057617,18.690000534057617,18.690000534057617,18.690000534057617,610,0.0,0.0,0.0
2023-02-10 14:25:00-05:00,18.739999771118164,18.739999771118164,18.739999771118164,18.739999771118164,18.739999771118164,143,0.0,0.0,0.0
2023-02-10 14:45:00-05:00,18.709999084472656,18.709999084472656,18.709999084472656,18.709999084472656,18.709999084472656,306,0.0,0.0,0.0
2023-02-10 15:15:00-05:00,18.790000915527344,18.790000915527344,18.790000915527344,18.790000915527344,18.790000915527344,105,0.0,0.0,0.0
2023-02-10 15:20:00-05:00,18.770000457763672,18.770000457763672,18.75,18.75,18.75,1167,0.0,0.0,0.0
2023-02-10 15:25:00-05:00,18.719999313354492,18.760000228881836,18.719999313354492,18.760000228881836,18.760000228881836,317,0.0,0.0,0.0
2023-02-10 15:55:00-05:00,18.790000915527344,18.790000915527344,18.790000915527344,18.790000915527344,18.790000915527344,136,0.0,0.0,0.0
2023-02-13 09:30:00-05:00,18.790000915527344,18.790000915527344,18.790000915527344,18.790000915527344,18.790000915527344,0,0.0,0.0,0.0
2023-02-13 09:45:00-05:00,18.799999237060547,18.799999237060547,18.799999237060547,18.799999237060547,18.799999237060547,505,0.0,0.0,0.0
2023-02-13 10:10:00-05:00,18.75,18.75,18.701000213623047,18.701000213623047,18.701000213623047,812,0.0,0.0,0.0
2023-02-13 10:25:00-05:00,18.764999389648438,18.764999389648438,18.764999389648438,18.764999389648438,18.764999389648438,102,0.0,0.0,0.0
2023-02-13 10:30:00-05:00,18.809999465942383,18.809999465942383,18.809999465942383,18.809999465942383,18.809999465942383,100,0.0,0.0,0.0
2023-02-13 10:35:00-05:00,18.81999969482422,18.81999969482422,18.81999969482422,18.81999969482422,18.81999969482422,224,0.0,0.0,0.0
2023-02-13 10:45:00-05:00,18.829999923706055,18.860000610351562,18.829999923706055,18.860000610351562,18.860000610351562,263,0.0,0.0,0.0
2023-02-13 10:50:00-05:00,18.877500534057617,18.877500534057617,18.877500534057617,18.877500534057617,18.877500534057617,195,0.0,0.0,0.0
2023-02-13 11:05:00-05:00,18.860000610351562,18.860000610351562,18.860000610351562,18.860000610351562,18.860000610351562,119,0.0,0.0,0.0
2023-02-13 11:20:00-05:00,18.889999389648438,18.889999389648438,18.860000610351562,18.860000610351562,18.860000610351562,5082,0.0,0.0,0.0
2023-02-13 11:25:00-05:00,18.860000610351562,18.860000610351562,18.860000610351562,18.860000610351562,18.860000610351562,128,0.0,0.0,0.0
2023-02-13 11:30:00-05:00,18.859899520874023,18.859899520874023,18.859899520874023,18.859899520874023,18.859899520874023,360,0.0,0.0,0.0
2023-02-13 12:55:00-05:00,18.950000762939453,18.950000762939453,18.950000762939453,18.950000762939453,18.950000762939453,102,0.0,0.0,0.0
2023-02-13 13:10:00-05:00,18.920000076293945,18.920000076293945,18.90999984741211,18.90999984741211,18.90999984741211,9105,0.0,0.0,0.0
2023-02-13 13:40:00-05:00,18.969999313354492,18.969999313354492,18.969999313354492,18.969999313354492,18.969999313354492,381,0.0,0.0,0.0
2023-02-13 14:10:00-05:00,18.920000076293945,18.920000076293945,18.920000076293945,18.920000076293945,18.920000076293945,458,0.0,0.0,0.0
2023-02-13 15:00:00-05:00,18.8700008392334,18.8700008392334,18.8700008392334,18.8700008392334,18.8700008392334,122,0.0,0.0,0.0
2023-02-13 15:20:00-05:00,18.895000457763672,18.895000457763672,18.88290023803711,18.88290023803711,18.88290023803711,310,0.0,0.0,0.0
2023-02-13 15:35:00-05:00,18.90999984741211,18.90999984741211,18.90999984741211,18.90999984741211,18.90999984741211,172,0.0,0.0,0.0
